index,NumRenc,NumEq1,NumEq2,Phase,Journee,DateRenc,HeureRenc,JA
0,1,2,63,1,2,03/10/2021,9:30:00,182060
1,2,2,55,1,3,24/10/2021,9:30:00,182060
2,3,2,25,1,5,14/11/2021,9:30:00,182060
3,4,2,64,1,7,12/12/2021,9:30:00,194260
4,5,1,65,1,2,03/10/2021,9:30:00,182060
5,6,1,66,1,3,24/10/2021,9:30:00,188900
6,7,1,67,1,5,14/11/2021,9:30:00,182060
7,8,1,68,1,7,12/12/2021,9:30:00,194260
8,9,7,69,1,2,03/10/2021,9:30:00,181549
9,10,7,22,1,4,07/11/2021,9:30:00,187204
10,11,7,70,1,7,12/12/2021,9:30:00,186800
11,12,15,71,1,2,03/10/2021,9:30:00,182371
12,13,15,23,1,5,14/11/2021,9:30:00,182371
13,14,12,50,1,2,03/10/2021,9:30:00,187204
14,15,3,29,1,2,03/10/2021,9:30:00,182060
15,16,3,51,1,3,24/10/2021,9:30:00,182060
16,18,3,73,1,5,14/11/2021,9:30:00,182060
17,19,12,73,1,6,28/11/2021,9:30:00,181549
18,20,3,12,1,7,12/12/2021,9:30:00,9115229
19,21,11,74,1,2,03/10/2021,9:30:00,182849
20,22,11,75,1,4,07/11/2021,9:30:00,185930
21,23,11,76,1,6,28/11/2021,9:30:00,9115229
22,24,15,77,1,7,12/12/2021,9:30:00,187204
23,25,9,78,1,2,03/10/2021,9:30:00,9115229
24,26,9,79,1,4,07/11/2021,9:30:00,181549
25,27,9,80,1,6,28/11/2021,9:30:00,194260
26,28,81,27,1,1,26/09/2021,9:30:00,9115229
27,29,8,82,1,2,03/10/2021,9:30:00,181549
28,31,8,81,1,4,07/11/2021,9:30:00,187204
29,32,81,84,1,5,14/11/2021,9:30:00,188900
30,34,5,40,1,2,03/10/2021,9:30:00,186800
31,35,13,85,1,2,03/10/2021,9:30:00,187204
32,36,13,61,1,4,07/11/2021,9:30:00,181799
33,37,5,86,1,4,07/11/2021,9:30:00,188900
34,38,13,5,1,6,28/11/2021,9:30:00,181549
35,39,5,87,1,7,12/12/2021,9:30:00,181549
36,40,62,6,1,1,26/09/2021,9:30:00,18811
37,41,6,59,1,2,03/10/2021,9:30:00,186801
38,42,14,88,1,2,03/10/2021,9:30:00,1890
39,43,62,88,1,3,24/10/2021,9:30:00,181549
40,45,62,14,1,4,07/11/2021,9:30:00,181136
41,47,14,6,1,5,14/11/2021,9:30:00,181291
42,48,62,39,1,6,28/11/2021,9:30:00,18811
43,49,6,88,1,7,12/12/2021,9:30:00,181549
44,50,14,89,1,7,12/12/2021,9:30:00,1890
45,51,0,90,1,2,02/10/2021,17:00:00,186857
46,52,0,91,1,3,23/10/2021,17:00:00,7511855
47,53,0,92,1,5,13/11/2021,17:00:00,7511855
48,54,0,93,1,7,11/12/2021,17:00:00,7511855
49,55,81,94,1,7,12/12/2021,9:30:00,188900
50,56,95,123,2,8,22/01/2022,17:00:00,4511830
51,57,96,116,2,8,22/01/2022,17:00:00,4511830
52,58,95,120,2,10,05/03/2022,17:00:00,186857
53,59,95,119,2,12,26/03/2022,17:00:00,7511855
54,60,95,122,2,13,09/04/2022,17:00:00,4511830
55,61,96,114,2,10,05/03/2022,17:00:00,186857
56,62,96,113,2,12,26/03/2022,17:00:00,7511855
57,63,96,117,2,13,09/04/2022,17:00:00,4511830
58,64,102,129,2,8,23/01/2022,9:30:00,9115229
59,65,97,135,2,8,05/02/2022,14:00:00,7511855
60,66,99,133,2,8,23/01/2022,9:30:00,181136
61,67,102,127,2,10,06/03/2022,9:30:00,181549
62,68,97,133,2,10,06/03/2022,9:30:00,182060
63,69,102,131,2,11,13/03/2022,9:30:00,181549
64,70,99,97,2,11,13/03/2022,9:30:00,9115229
65,71,97,132,2,12,27/03/2022,9:30:00,194260
66,72,102,124,2,13,10/04/2022,9:30:00,181799
67,73,97,18,2,13,10/04/2022,9:30:00,181549
68,74,99,135,2,13,10/04/2022,9:30:00,7511855
69,75,106,140,2,8,23/01/2022,9:30:00,194260
70,76,106,138,2,10,06/03/2022,9:30:00,9115229
71,77,106,142,2,11,13/03/2022,9:30:00,194260
72,78,106,136,2,13,10/04/2022,9:30:00,187204
73,79,98,148,2,8,23/01/2022,9:30:00,182060
74,80,98,146,2,10,06/03/2022,9:30:00,182060
75,81,98,144,2,12,27/03/2022,9:30:00,194260
76,82,98,149,2,13,10/04/2022,9:30:00,181549
77,83,105,153,2,8,23/01/2022,9:30:00,181549
78,84,16,152,2,8,23/01/2022,9:30:00,182371
79,85,100,16,2,9,06/02/2022,9:30:00,2719192
80,86,105,16,2,10,06/03/2022,9:30:00,186801
81,87,100,154,2,10,06/03/2022,9:30:00,194260
82,88,16,151,2,11,13/03/2022,9:30:00,182371
83,89,105,100,2,11,13/03/2022,9:30:00,187204
84,90,100,153,2,12,27/03/2022,9:30:00,182060
85,91,105,150,2,13,10/04/2022,9:30:00,194260
86,92,16,154,2,13,10/04/2022,9:30:00,9115229
87,93,100,152,2,14,08/05/2022,9:30:00,181549
88,94,104,101,2,8,23/01/2022,9:30:00,18811
89,95,109,156,2,9,06/02/2022,9:30:00,18811
90,96,101,157,2,9,06/02/2022,9:30:00,187204
91,97,104,158,2,10,06/03/2022,9:30:00,187204
92,98,101,159,2,10,06/03/2022,9:30:00,194260
93,99,109,104,2,11,13/03/2022,9:30:00,18811
94,100,104,157,2,12,27/03/2022,9:30:00,9115229
95,101,101,158,2,12,27/03/2022,9:30:00,182060
96,102,109,158,2,13,10/04/2022,9:30:00,188900
97,103,104,155,2,14,08/05/2022,9:30:00,1890
98,104,101,109,2,14,08/05/2022,9:30:00,181549
99,105,110,162,2,8,23/01/2022,9:30:00,181549
100,106,107,111,2,8,23/01/2022,9:30:00,182849
101,107,111,110,2,9,06/02/2022,9:30:00,181136
102,108,110,107,2,10,06/03/2022,9:30:00,186800
103,109,107,161,2,11,13/03/2022,9:30:00,1890
104,110,110,164,2,11,13/03/2022,9:30:00,187204
105,111,110,160,2,13,10/04/2022,9:30:00,194260
106,112,107,163,2,13,10/04/2022,9:30:00,181291
107,113,111,162,2,13,10/04/2022,9:30:00,2719192
108,114,111,160,2,11,13/03/2022,9:30:00,188900
